all_cc_inx,VAdjMat,MDEC.12,nAtomLAC,nAtomLC,khs.ssCH2,Kier1,Kier2,FMF,VP.1,C2SP3,nAtom,nAcid,mz,CCS,pred_CCS,delta_CCS_N_N_pred,relative_error,compound_class,pubchem_cid,adducts,cluster_inx
all-cc-8,1.811656232917478,3.4237540053992634,0.92803115528944,-0.044485795494232164,0.18692539480255352,1.2714774213416633,0.17933239058545788,0.5946920191573558,1.5977662712067553,0.016080191837814273,1.3314108172573027,-0.6711111967386733,1.8096579577920784,281.046148258105,279.9636419301404,1.0825063279646656,0.003851703126600126,Metabolites,5978,[M+H]+,16
all-cc-19,-2.9197179820036965,-0.9284064440864525,-1.2013135927950205,-1.2284326645441928,-0.7450384109785188,-1.3434724519761183,-0.939081010118732,1.7321591872040971,-1.315841044374029,-0.7516291616269721,-1.2264398572159037,-0.6711111967386733,-1.489971579399164,125.47,115.2966849472694,10.173315052730588,0.08108165340504174,Metabolites,1048,[M+H]+,10
all-cc-113,1.359893152206082,1.3714853185026956,0.7642354054367893,-0.2136210625013694,-0.4061424816035834,1.2852556120201508,0.2634865681353116,0.3331353976278917,1.1912603953078662,0.3572843489332749,1.3792211102381102,-0.6711111967386733,1.4134674657068134,258.141301215216,258.0452023171964,0.09609889801964756,0.0003722724630551411,Metabolites,12560,[M+H]+,16
all-cc-153,-1.0532871397405434,-0.9284064440864525,-1.0375178429423697,-0.8901621305299183,-0.7450384109785188,-0.7907188702981954,-0.7335803160492362,-0.040516918842772524,-0.5286299468669207,-0.7516291616269721,-0.9634832458214618,-0.6711111967386733,-0.6364431326213709,145.516962085294,145.34457413739509,0.17238794789889764,0.0011846587877353662,Metabolites,5104,[M+H]+,10
all-cc-189,0.6587748577886792,-0.2290884017792555,-0.2185390936791156,-0.12905342899780078,-0.06724655222864802,-0.06440631227744399,-0.2586955797528325,1.2474430644569068,0.16753554626576228,-0.15452188670991598,-0.007277386205309979,1.675768676886388,0.08368039169247672,201.235239043119,198.7775788930492,2.4576601500697848,0.012212871670767254,Metabolites,3749,[M+H]+,30
all-cc-215,-0.4067287076430858,-0.9284064440864525,-0.8737220930897188,-0.7210268635227811,-0.7450384109785188,-0.4182110217761197,-0.5082935888373405,-0.4393690427033161,-0.2940045667675717,-0.7516291616269721,-0.7483369274078276,0.5023287400738573,0.8920081712561448,176.281471482776,195.62326274850312,-19.341791265727124,0.1097210676938158,Metabolites,2140,[M+H]+,15
all-cc-291,0.7567845958048931,3.4351398257212926,0.2728481558788369,-0.298188696004938,0.017477430115085815,0.054779770055692484,-0.4930634809749464,0.6372710040575031,0.4904857943696229,0.10138123111167943,0.470825543602766,0.5023287400738573,0.2671280075432451,213.88149932748695,213.98149073680253,-0.0999914093155212,0.00046750845505537744,Drug and Drug-Like Compounds,10114,[M+H]+,8
all-cc-300,1.1421029227264972,-0.4677765368393925,0.10905240602618606,0.3783523720236109,-0.5755904462910512,0.5966300063092417,0.011060659361784192,0.8664336470416684,0.4579722436443191,0.10138123111167943,0.39911010413155457,-0.6711111967386733,0.9721806240927856,227.002633458513,237.26403055345585,-10.261397094942822,0.04520386807238602,Drug and Drug-Like Compounds,10621,[M+Na]+,29
all-cc-309,0.7567845958048931,-0.9281969956923264,1.0918269051420908,0.040081838009336464,1.4577851299585611,1.0823302377419208,1.5341603630077294,-1.3700239983779217,0.8819833139253885,1.636799938041252,1.0923593523532646,-0.6711111967386733,0.7992030076105932,241.725069072383,249.7802454398696,-8.055176367486581,0.03332371110037624,Drug and Drug-Like Compounds,6710748,[M+Na]+,11
all-cc-334,1.063275782572331,3.780689128858081,0.2728481558788369,0.12464947151290508,0.18692539480255352,0.4755891352018002,-0.2728652106620569,0.2945621012026753,0.7874800766877506,0.2719833096594097,0.7337821549972077,1.675768676886388,0.7028672318472647,241.017256959441,240.9246920437725,0.092564915668504,0.0003840592861949344,Drug and Drug-Like Compounds,2561,[M+H]+,32
all-cc-338,0.5551615957371789,-0.20109749676888647,-0.5461305933844172,-0.3827563295085066,-0.5755904462910512,0.6378954591592321,0.2950262818113594,-1.3700239983779217,-0.01851892830827493,-0.3251239652576463,0.112248346246709,-0.6711111967386733,0.5189706339482412,205.653023266267,211.6417453263573,-5.988722060090339,0.029120515541055318,Drug and Drug-Like Compounds,14048382,[M+Na]+,29
all-cc-350,-0.2339562674578923,-0.2517662780909918,0.92803115528944,0.29378473852004233,0.6105453065212227,-0.10979054504278694,0.2991159461093064,-1.3700239983779217,-0.10890271577453399,0.5278864274810051,0.016627760285093815,-0.6711111967386733,-0.2473129008973665,195.91739398516003,196.19615404105645,-0.27876005589644137,0.001422844854283619,Drug and Drug-Like Compounds,14900,[M+Na]+,21
all-cc-388,1.1421029227264972,-0.4677765368393925,0.10905240602618606,0.3783523720236109,-0.6603144286347851,0.5966300063092417,0.011060659361784192,0.8664336470416684,0.4205347371753076,-0.06922084743605088,0.3512998111507469,-0.6711111967386733,0.8676303077962301,242.48200502291095,236.14004837127945,6.341956651631591,0.026154339374719244,Drug and Drug-Like Compounds,5281613,[M+H]+,29
all-cc-389,1.7575406148301085,1.872734561931144,0.2728481558788369,-0.298188696004938,-0.5755904462910512,1.2960971573793152,0.036644873486105976,0.04961915434605376,1.4581068277181948,-0.15452188670991598,1.3553159637477064,-0.6711111967386733,1.7572135746193889,254.195692105786,257.7051652601511,-3.5094731543650823,0.013806186585194296,Drug and Drug-Like Compounds,6857763,[M+H-H2O]+,16
all-cc-408,0.9382097425474828,-0.6306429733423853,0.4366439057314877,-0.044485795494232164,-0.5755904462910512,0.4463115170394397,-0.11406764853245148,0.2208391737154219,0.10567220908664393,-0.6663281223531069,-0.055087679186117566,1.675768676886388,0.5579419118590492,218.516481154058,224.1211737500188,-5.604692595960728,0.025648832373468985,Drug and Drug-Like Compounds,5491415,[M+H]+,30
all-cc-415,1.18026724986129,1.2192308239114535,0.92803115528944,-0.12905342899780078,-0.4061424816035834,0.657258276687034,0.02742607103317989,0.32207592103045074,0.6368125231100893,-0.2398229259837812,0.5186358365835735,1.675768676886388,0.8245208521737022,248.44641384565202,244.11687904529282,4.32953480035917,0.017426433061935462,Drug and Drug-Like Compounds,11103,[M+H]+,5
all-cc-419,1.3253637542659351,2.919152201850964,-0.05474334382646475,-0.2136210625013694,-0.2366945169161157,0.6035619980441789,0.06048014054933785,1.0577715381645283,0.8112570600255188,-0.2398229259837812,0.6620667155259963,-0.6711111967386733,0.9291912203619188,245.292683444973,245.20545216222013,0.08723128275281056,0.000355621217590778,Drug and Drug-Like Compounds,73078,[M+H]+,33
all-cc-444,0.13728246571610744,0.1041189485824046,1.2556226549947418,0.2092171050164737,0.44109734183375504,0.20174529004138766,0.1833621635982591,-1.3700239983779217,0.02292289322934606,0.4425853882071401,0.1361534927371128,1.675768676886388,0.06630261614119362,211.00334271261502,211.110539941971,-0.10719722935601794,0.0005080356926004712,Drug and Drug-Like Compounds,193112,[M+Na]+,14
all-cc-449,1.8642030594037184,-0.9284064440864525,1.2556226549947418,0.3783523720236109,-0.5755904462910512,1.5365428280191802,0.4317358630421305,0.9443031400721524,1.1769915165621545,-0.2398229259837812,0.8294027409588228,-0.6711111967386733,2.0002592599624207,268.363020874705,277.9827909634303,-9.61977008872532,0.03584610896602128,Drug and Drug-Like Compounds,467320,[M+H]+,22
all-cc-476,0.8038713621933496,2.826079513639137,0.2728481558788369,-0.3827563295085066,0.017477430115085815,0.114572606667401,-0.4402813844297749,0.5799197182736344,0.5508368267653713,0.10138123111167943,0.5425409830739774,0.5023287400738573,0.4413631577697373,233.533665752271,220.3402846928392,13.193381059431855,0.056494557291911815,Drug and Drug-Like Compounds,119034,[M+Na]+,8
all-cc-489,1.0225383697224069,-0.9284064440864525,1.0918269051420908,0.2092171050164737,1.4577851299585611,1.4550333571744376,1.7257481935853995,-1.3700239983779217,1.1408796311120448,1.636799938041252,1.3314108172573027,-0.6711111967386733,1.165257397984676,269.453485535285,264.1474935745744,5.305991960710571,0.019691680551728288,Drug and Drug-Like Compounds,6710728,[M+Na]+,11
all-cc-494,1.3253637542659351,0.3927394349339585,0.6004396555841385,0.040081838009336464,-0.5755904462910512,0.9003966598455431,0.184350727535134,0.5688404926108401,0.7126183145329784,0.016080191837814273,0.6620667155259963,-0.6711111967386733,1.1641580121169899,260.837669794319,247.9700663925576,12.867603401761414,0.04933184463696533,Drug and Drug-Like Compounds,5318997,[M+H]+,29
all-cc-495,-0.15337684240947647,-0.23201560297562945,1.2556226549947418,0.4629200055271796,0.8647172535524242,-0.04748337802595203,0.4971667419946612,-1.3700239983779217,0.042031237747437035,0.6984885060287355,0.1839637857179204,-0.6711111967386733,-0.18609268155347927,202.83991477249,202.73906013945344,0.10085463303656184,0.0004972129531294802,Drug and Drug-Like Compounds,3681,[M+Na]+,21
all-cc-505,1.063275782572331,6.5104551738348615,4.203946152342456,1.6468668745771402,0.6952692888649565,1.3232742963444162,1.2277001281854412,-1.3700239983779217,1.179920323627742,0.6131874667548703,1.4270314032189175,-0.6711111967386733,0.8867532846550014,256.753082781245,256.64733354228684,0.1057492389581398,0.00041187135053111993,Drug and Drug-Like Compounds,5477212,[M+H-H2O]+,20
all-cc-507,0.7567845958048931,3.5258085544080275,0.2728481558788369,-0.3827563295085066,0.18692539480255352,0.054779770055692484,-0.4762241711496995,0.6372710040575031,0.520588603187873,0.18668227038554447,0.5186358365835735,0.5023287400738573,0.19744332747419607,210.55379324237305,211.66079242264988,-1.1069991802768868,0.005257559900631171,Drug and Drug-Like Compounds,73299,[M+H-H2O]+,8
all-cc-509,2.398597559906796,3.8111546478361062,0.2728481558788369,1.5622992410735717,0.44109734183375504,2.6863599247987207,0.814838774644016,0.7832560951437163,2.9740745843499266,1.8074020165889824,2.8852453391335486,-0.6711111967386733,3.535863378821357,349.109654846025,349.0170001591085,0.09265468691654632,0.00026540282008932607,Drug and Drug-Like Compounds,16218828,[M+H]+,20
all-cc-525,1.063275782572331,-0.7323912330110443,0.10905240602618606,0.12464947151290508,-0.6603144286347851,0.4755891352018002,-0.05161321896078737,0.8998661374137974,0.34351761239392475,-0.06922084743605088,0.2556792251891318,-0.6711111967386733,0.7368838380680972,231.94281140386002,230.71803869285287,1.2247727110071196,0.005280494375290378,Drug and Drug-Like Compounds,5282150,[M+H]+,29
all-cc-526,0.20320749743976893,-0.2441440119101677,1.5832141547000431,0.29378473852004233,0.6105453065212227,0.26405245705822256,0.2490887952557023,-1.3700239983779217,0.11276455626533564,0.6131874667548703,0.2078689322083242,2.8492086136989188,0.127364251939385,213.149494974599,213.25656486866487,-0.10706989406583034,0.0005023230014154612,Drug and Drug-Like Compounds,12629,[M+Na]+,14
all-cc-530,-3.3242189067873222,-0.9284064440864525,-1.6927008423529728,-1.2284326645441928,-0.7450384109785188,-1.2313195513458155,-0.9713175858182252,-1.3700239983779217,-0.5517673821975955,-0.7516291616269721,-1.1547244177446925,-0.6711111967386733,-1.18092013165926,112.497253661057,112.60248424105595,-0.10523057999895967,0.0009354057683577672,Drug and Drug-Like Compounds,2513,[M+H]+,3
all-cc-544,0.5010459776498094,-0.9284064440864525,-0.2185390936791156,-0.5518915965156439,-0.7450384109785188,0.053443933836028336,-0.24229322651564905,0.5313140831078332,-0.2558682773410597,-0.7516291616269721,-0.3658545835613669,2.8492086136989188,0.05680527305693469,197.57537215725202,198.0779668747789,-0.5025947175269607,0.0025438125816963733,Drug and Drug-Like Compounds,2259,[M+H]+,13
all-cc-561,0.5551615957371789,-0.7381869118505641,-0.7099263432370679,-0.044485795494232164,-0.5755904462910512,-0.03907514441468445,-0.27470558074105256,1.03166620981461,0.11934360807914528,-0.5810270830792418,-0.2702339975997517,2.8492086136989188,0.3269033053183801,195.54094311198295,197.10699522112992,-1.5660521091469093,0.00800881945347915,Drug and Drug-Like Compounds,2614,[M+Na]+,13
all-cc-568,1.18026724986129,-0.3479531825194891,-0.7099263432370679,0.29378473852004233,-0.32141849925984955,0.657258276687034,0.08955881447418862,0.8861092274999096,0.7225290757823097,-0.5810270830792418,0.2556792251891318,2.8492086136989188,1.0286897608826675,235.79118018657502,232.0924307731892,3.6987494133858254,0.01568654692876599,Drug and Drug-Like Compounds,2630,[M+H]+,13
all-cc-571,-1.0532871397405434,-0.9284064440864525,-0.5461305933844172,-0.8901621305299183,-0.7450384109785188,-0.9477583626773624,-0.7786307810689815,1.0162707597620888,-0.7814608964089679,-0.7516291616269721,-1.0112935388022697,-0.6711111967386733,-0.4535958687650227,138.165827099252,157.6462626637811,-19.480435564529106,0.140993152746339,Drug and Drug-Like Compounds,2788,[M+H]+,10
all-cc-590,0.06886911708563574,-0.9284064440864525,-1.3651093426476713,-0.3827563295085066,0.017477430115085815,0.13943812302455275,0.0486730732101128,-1.3700239983779217,-0.3875895379521942,-0.7516291616269721,-0.24632885110934802,5.196088487323982,-0.0692141871360348,180.249723855106,180.3472196227329,-0.09749576762689573,0.0005408927433656867,Drug and Drug-Like Compounds,3053,[M+H]+,37
all-cc-594,0.7567845958048931,-0.9284064440864525,-0.2185390936791156,-0.4673239630120752,0.017477430115085815,0.20295346225501365,-0.041362173669558654,0.9344549394830072,0.2632232375874676,-0.15452188670991598,0.1600586392275166,1.675768676886388,0.31019999562475703,200.98502818347302,210.3832022445829,-9.398174061109957,0.04676056791917184,Drug and Drug-Like Compounds,216457,[M+H]+,30
all-cc-620,-0.9282210997156708,-0.7502098862296003,-1.0375178429423697,-0.8055944970263498,-0.7450384109785188,-0.7287084040766846,-0.6864319947849499,-0.12915072414511405,-0.4460402888056277,-0.7516291616269721,-0.8439575133694428,-0.6711111967386733,-0.5840042592858483,151.489753391421,151.39412070704094,0.09563268438006388,0.0006312815371279075,Drug and Drug-Like Compounds,1985,[M+H]+,10
all-cc-622,0.20320749743976893,0.3085658282182823,-1.0375178429423697,-0.044485795494232164,-0.7450384109785188,-0.09230639103295836,-0.2618373941413503,0.1236197576430491,0.4544699399500599,-0.7516291616269721,-0.3180442905805593,-0.6711111967386733,0.2481768381635143,195.45870522666303,200.2080455838739,-4.7493403572109125,0.02429843353205147,Drug and Drug-Like Compounds,5392,[M+H]+,34
all-cc-633,0.6077084222234195,0.688351729400152,0.10905240602618606,-0.2136210625013694,-0.32141849925984955,0.02128338916324351,-0.4767792086100904,0.2780108189625259,0.12841361734182286,-0.3251239652576463,0.04053290677549761,1.675768676886388,0.27508593898741984,200.623318979605,206.76874366503841,-6.145424685433369,0.030631656961363014,Drug and Drug-Like Compounds,9400,[M+H]+,26
all-cc-636,0.5010459776498094,0.3721894423380895,0.10905240602618606,-0.2136210625013694,-0.06724655222864802,-0.09932019466254656,-0.4939207837049937,0.3878798067852234,0.10117927357904673,-0.06922084743605088,0.016627760285093815,1.675768676886388,0.14442660307560326,200.147406272649,200.04758315491088,0.09982311773808306,0.0004987479957751734,Drug and Drug-Like Compounds,3645,[M+H]+,26
all-cc-643,-1.0532871397405434,-0.9284064440864525,-0.5461305933844172,-0.8901621305299183,-0.7450384109785188,-0.9477583626773624,-0.7786307810689815,1.0162707597620888,-0.6784567717667911,-0.7516291616269721,-1.0112935388022697,-0.6711111967386733,-0.05306088459822313,143.72876673607,173.53951895696156,-29.81075222089155,0.2074097823133292,Drug and Drug-Like Compounds,3728,[M+H]+,10
all-cc-653,0.6077084222234195,-0.9284064440864525,-0.7099263432370679,-0.2136210625013694,-0.4908664639473173,0.1759068893519587,-0.21135635395684968,0.510087023186938,0.05921371760690663,0.4425853882071401,0.2078689322083242,-0.6711111967386733,0.32767947484690385,221.076421209735,208.76667920499023,12.309742004744775,0.05568093574785407,Drug and Drug-Like Compounds,815,[M+H]+,29
all-cc-667,1.359893152206082,1.3714853185026956,0.7642354054367893,-0.2136210625013694,-0.4061424816035834,1.2852556120201508,0.2634865681353116,0.3331353976278917,1.1912603953078662,0.3572843489332749,1.3792211102381102,-0.6711111967386733,1.4134674657068134,257.743169617242,258.0452023171964,-0.30203269995433857,0.0011718359031700747,Drug and Drug-Like Compounds,3255,[M+H]+,16
all-cc-678,1.4917868409125823,1.958076575011596,0.7642354054367893,-0.12905342899780078,-0.32141849925984955,1.5328058773927205,0.4236783245589948,0.20926925973656046,1.4038597721904231,0.4425853882071401,1.5704622821613403,-0.6711111967386733,1.6575567323611275,264.370998906078,265.154635082198,-0.7836361761200124,0.002964153327568322,Drug and Drug-Like Compounds,3258,[M+H]+,16
all-cc-688,-0.07622738731900902,-0.9284064440864525,-0.5461305933844172,-0.298188696004938,-0.6603144286347851,-0.33868284609768706,-0.4296893695397785,0.3833838891249591,-0.11025233699016802,-0.5810270830792418,-0.6049060484654049,0.5023287400738573,1.0532946079340866,205.176007623353,207.56893681026372,-2.3929291869107767,0.011662811917578298,Drug and Drug-Like Compounds,861,[M+H]+,15
all-cc-693,0.6077084222234195,3.2651781848887422,-0.5461305933844172,0.12464947151290508,-0.2366945169161157,0.3403978102764029,-0.013441750197853214,0.7285116859863819,0.22272173836059325,-0.5810270830792418,0.3512998111507469,-0.6711111967386733,0.25394988916355604,213.681370561453,213.58578444375576,0.09558611769719504,0.00044733014135036757,Drug and Drug-Like Compounds,4621,[M+H]+,33
all-cc-701,1.290163840844893,2.3800410383009867,2.5659886538159484,0.29378473852004233,0.017477430115085815,0.8395253802590814,-0.004401215931631804,0.3460773383270247,1.1380691244828818,0.6984885060287355,1.1640747918244758,0.5023287400738573,1.234625064823226,245.089803776185,248.08449644624199,-2.994692670056992,0.012218756651303751,Drug and Drug-Like Compounds,4243,[M+Na]+,32
all-cc-703,1.811656232917478,3.835452925835989,2.5659886538159484,0.4629200055271796,-0.15197053457238188,1.5657925472027576,0.5018401791216583,0.8315253591318997,1.8329304142440157,0.8690905845764657,1.7617034540845709,-0.6711111967386733,2.11495108114004,290.540183953292,290.4389408331761,0.10124312011589608,0.00034846512017137085,Drug and Drug-Like Compounds,47531,[M+Na]+,20
all-cc-711,1.063275782572331,0.8283671032259045,-0.2185390936791156,0.12464947151290508,-0.4061424816035834,0.4755891352018002,0.010432674120887029,0.9755291419401908,0.4076299798781256,-0.5810270830792418,0.2556792251891318,1.675768676886388,0.6500075021789389,224.96706150213402,233.11286377075228,-8.145802268618326,0.03620886637460505,Drug and Drug-Like Compounds,130881,[M+H]+,5
all-cc-720,-1.4904509046381913,-0.9284064440864525,-1.0375178429423697,-0.8901621305299183,-0.7450384109785188,-0.9764265953678546,-0.8127676662734876,0.32207592103045074,-0.6012145865079468,-0.7516291616269721,-0.9873883923118656,-0.6711111967386733,-0.8367162884028312,133.23856236527502,138.1774521170999,-4.9388897518249175,0.03706802043003808,Drug and Drug-Like Compounds,7389,[M+H]+,10
all-cc-725,-0.7013330414431199,-0.5930276817546919,-0.3823348435317664,-0.7210268635227811,-0.5755904462910512,-0.6045827537058855,-0.5866766257674537,-0.2751358152313305,-0.3125820196755727,-0.5810270830792418,-0.7483369274078276,0.5023287400738573,0.7048037809149009,172.728228692365,194.40655886332092,-21.678330170955974,0.12550542742822793,Drug and Drug-Like Compounds,3735,[M+H]+,15
all-cc-734,0.2668188867536852,-0.2499230144569048,0.92803115528944,0.4629200055271796,0.525821324177489,0.14158664602513396,0.17622077771827765,-0.8351648284499883,0.10991183853128696,0.6131874667548703,0.1600586392275166,-0.6711111967386733,0.022814371311915816,204.78484595862,208.4637936839925,-3.6789477253724963,0.01796494124431397,Drug and Drug-Like Compounds,54680660,[M+H]+,0
all-cc-736,1.811656232917478,5.203031902506424,3.712558902784504,0.3783523720236109,0.3563733594900212,2.04465762104452,0.97478250967675,0.7299153887852913,1.989369149018348,1.0396926631241958,2.000754918988609,-0.6711111967386733,2.2938494404409298,311.559804443044,311.4615281895484,0.09827625349566917,0.0003154330311361938,Drug and Drug-Like Compounds,5284616,[M+Na]+,20
all-cc-741,0.5010459776498094,0.3721894423380895,0.10905240602618606,-0.2136210625013694,-0.2366945169161157,-0.09932019466254656,-0.4939207837049937,0.3878798067852234,0.05760981317757573,-0.2398229259837812,-0.031182532695713774,1.675768676886388,0.1356448213981569,197.770821178695,199.9324616115835,-2.1616404328885044,0.010930027088957487,Drug and Drug-Like Compounds,72078,[M+H]+,26
all-cc-743,0.5010459776498094,-0.9284064440864525,-0.2185390936791156,-0.6364592300192125,-0.7450384109785188,-0.24201447798668746,-0.512192337397419,0.9833563493049846,0.3132799498591961,-0.7516291616269721,-0.5570957554845973,-0.6711111967386733,1.8586942556004469,212.120584748713,212.02910282199883,0.09148192671415244,0.00043127321576322166,Drug and Drug-Like Compounds,3259,[M+H]+,19
all-cc-746,0.6077084222234195,0.688351729400152,0.10905240602618606,-0.2136210625013694,-0.32141849925984955,0.02128338916324351,-0.4767792086100904,0.2780108189625259,0.12841361734182286,-0.3251239652576463,0.04053290677549761,1.675768676886388,0.27508593898741984,201.102891250624,206.76874366503841,-5.665852414414362,0.028173898342183975,Drug and Drug-Like Compounds,2367,[M+H]+,26
all-cc-753,-2.5892166616796075,-0.9284064440864525,-1.3651093426476713,-1.1438650310406242,-0.7450384109785188,-1.283242190526511,-0.9249662942280448,1.2151286562737598,-1.170893391437156,-0.7516291616269721,-1.2025347107254998,-0.6711111967386733,-1.3462857379480488,117.21674050240699,119.22281501530308,-2.006074512896077,0.017114232184735453,Drug and Drug-Like Compounds,2155,[M+H]+,10
all-cc-755,-1.0532871397405434,-0.9284064440864525,-0.5461305933844172,-0.8901621305299183,-0.7450384109785188,-0.9477583626773624,-0.7786307810689815,1.0162707597620888,-0.7624583774040009,-0.7516291616269721,-1.0112935388022697,-0.6711111967386733,-0.4711820869121574,137.697821004146,156.49265827105117,-18.794837266905198,0.13649335283482306,Drug and Drug-Like Compounds,2453,[M+H]+,10
all-cc-779,1.290163840844893,2.8527788634700046,1.4194184048473926,0.040081838009336464,-0.2366945169161157,0.6885604565604625,-0.11805589559203312,0.11362882950912985,0.9070087109785624,-0.15452188670991598,0.8054975944684191,0.5023287400738573,0.9728914432590672,246.44569301806095,246.53301504762004,-0.0873220295590329,0.00035432564671614456,Drug and Drug-Like Compounds,9917275,[M+H]+,32
all-cc-839,1.5233135239339843,-0.9284064440864525,1.2556226549947418,0.12464947151290508,-0.5755904462910512,0.9622483452468672,0.13472317050549956,0.9566133908085924,0.7417318666618596,-0.2398229259837812,0.470825543602766,-0.6711111967386733,1.3379943323589794,245.68288376102,254.6584792683277,-8.975595507307759,0.0365332552675443,Drug and Drug-Like Compounds,169167,[M+H]+,22
all-cc-846,-1.4904509046381913,-0.9284064440864525,-0.7099263432370679,-0.974729764033487,-0.32141849925984955,-1.125757822102418,-0.8292733051386402,1.7321591872040971,-0.9807400056838184,-0.4104250045315115,-0.9634832458214618,1.675768676886388,-1.1803785949908496,124.53736246906601,124.62472701507325,-0.08736454600725096,0.0007015127370226067,Drug and Drug-Like Compounds,5917,[M+H]+,36
all-cc-874,1.290163840844893,2.8527788634700046,1.4194184048473926,0.040081838009336464,0.017477430115085815,0.6885604565604625,-0.11805589559203312,0.11362882950912985,1.0627237042230941,0.10138123111167943,0.948928473410842,0.5023287400738573,0.9992363526223242,251.022213280811,248.8815598719973,2.140653408813648,0.008527744938727648,Drug and Drug-Like Compounds,5149276,[M+H]+,32
all-cc-879,1.290163840844893,3.124934943077641,1.4194184048473926,0.040081838009336464,-0.2366945169161157,0.8395253802590814,-0.004401215931631804,0.01605785049914811,0.8617893624530542,-0.2398229259837812,0.7815924479780153,1.675768676886388,1.0337949311806491,245.70086962058602,255.25175845263658,-9.550888832050589,0.03887201883655999,Drug and Drug-Like Compounds,6857794,[M+H]+,32
all-cc-880,1.811656232917478,1.427993488503319,0.2728481558788369,-0.298188696004938,-0.5755904462910512,1.4161960575356094,0.07325780581105187,0.003073477207561891,1.4908061675920363,-0.15452188670991598,1.3075056707668988,-0.6711111967386733,1.9574865765399605,258.659285505994,258.5671673225641,0.092118183429875,0.00035613716031756496,Drug and Drug-Like Compounds,101606285,[M+H]+,16
all-cc-881,1.4917868409125823,3.483955780168813,3.3849674030792016,0.5474876390307482,0.10220141245881967,1.2054870941845537,0.20642495713209688,0.5029922646149942,1.521040848218424,0.8690905845764657,1.4987468426901291,0.5023287400738573,1.5834330589338081,260.771446356986,260.8899418459285,-0.11849548894247165,0.00045440361894628564,Drug and Drug-Like Compounds,5151,[M+Na]+,20
all-cc-898,1.6732119876551983,2.4072778664553596,0.7642354054367893,0.3783523720236109,-0.4061424816035834,1.5729111242360012,0.5179109871382723,0.6279922906410043,1.3866021248110572,-0.3251239652576463,1.3553159637477064,-0.6711111967386733,1.8009685379599276,287.13,285.71835323905344,1.4116467609465533,0.004916402887007812,Drug and Drug-Like Compounds,5381226,[M+H]+,16
all-cc-900,1.6732119876551983,2.4072778664553596,0.7642354054367893,0.3783523720236109,-0.4061424816035834,1.5729111242360012,0.5179109871382723,0.6279922906410043,1.3866021248110572,-0.3251239652576463,1.3553159637477064,-0.6711111967386733,1.896737072579033,285.07,287.3275283622532,-2.257528362253197,0.007919207079851253,Drug and Drug-Like Compounds,5381226,[M+Na]+,16
all-cc-920,1.427039294506045,0.13940003877714294,-0.8737220930897188,1.0548934400521601,-0.06724655222864802,1.4090007191953449,0.4657406381718402,-0.5505793833185217,1.0772983687044029,-0.15452188670991598,0.8294027409588228,4.022648550511449,1.8652380052058115,252.9103672,254.03740129928684,-1.1270340992868455,0.004456258997068292,Lipids and lipid-like molecules,265,[M+H]+,17
all-cc-922,1.8381200398785504,0.6875816690362231,1.2556226549947418,2.2388403091021205,1.1188892005836255,2.2766092865793177,1.2191216078649216,-0.7218066163160104,2.1061862720910582,1.0396926631241958,1.8334188935557825,4.022648550511449,2.7201043917331424,302.8709518,301.4504800328876,1.4204717671124172,0.004690023122621618,Lipids and lipid-like molecules,439229,[M+H]+,17
all-cc-924,1.427039294506045,0.09953182277099837,-0.8737220930897188,0.9703258065485912,-0.2366945169161157,1.4090007191953449,0.4291281044853197,-0.5505793833185217,1.0600594255506808,-0.3251239652576463,0.8294027409588228,4.022648550511449,1.8652380052058115,252.0419762,254.53704356860985,-2.495067368609824,0.009899412019488142,Lipids and lipid-like molecules,3036931,[M+H]+,17
all-cc-926,1.8381200398785504,0.6875816690362231,1.2556226549947418,2.2388403091021205,0.949441235896158,2.2766092865793177,1.2191216078649216,-0.7218066163160104,2.054716877041811,0.8690905845764657,1.7856086005749745,4.022648550511449,2.7113226100556966,299.4374347,300.4615614877046,-1.0241267877046312,0.0034201695213248212,Lipids and lipid-like molecules,5280355,[M+H]+,17
all-cc-928,1.7848003553196377,0.6442121582371474,0.92803115528944,2.0697050420949834,0.949441235896158,2.152546740226754,1.1071654415568677,-0.701861466098722,1.959202285892964,0.8690905845764657,1.6899880146133597,4.022648550511449,2.5979806844676787,296.1762720000001,296.18228133015674,-0.006009330156757642,2.028970827466436e-05,Lipids and lipid-like molecules,15667,[M+H]+,17
all-cc-929,1.5233135239339843,-0.19170732306137114,-0.8737220930897188,1.2240287070592972,0.017477430115085815,1.5947290644177536,0.5817471361873995,-0.594478201982417,1.1616932741399442,-0.06922084743605088,0.9011181804300342,5.196088487323982,2.056888398524598,260.5285091,260.4329575120044,0.09555158799560104,0.00036676058342208136,Lipids and lipid-like molecules,439252,[M+H]+,17
all-cc-934,1.459702134620068,-0.003889530210869639,-0.8737220930897188,1.0548934400521601,-0.15197053457238188,1.4708961875864692,0.4795495299565807,-0.5657542835974023,1.0553346625666116,-0.2398229259837812,0.8054975944684191,4.022648550511449,1.926141493127388,247.7858142,254.00034436476184,-6.214530164761811,0.025080249992623715,Lipids and lipid-like molecules,439214,[M+H]+,17
all-cc-935,1.7298646790495733,0.5943536704684479,0.6004396555841385,1.9005697750878456,0.7799932712086904,2.028517690682651,0.9965199073635864,-0.6806499571374738,1.8122182996948704,0.6984885060287355,1.5465571356709369,4.022648550511449,2.4758569772022088,289.94159269999994,290.35100980309085,-0.4094171030909024,0.0014120675108331994,Lipids and lipid-like molecules,65113,[M+H]+,17
all-cc-938,-0.2339562674578923,1.9646856360413696,0.4366439057314877,-0.298188696004938,-0.4908664639473173,-0.2938799021379838,-0.3607763793884293,-0.5239740386737339,-0.3707720756555295,-0.4957260438053766,-0.24632885110934802,0.5023287400738573,-0.5525453123820905,169.5875612,170.83275748146553,-1.2451962814655246,0.0073424977200835205,Lipids and lipid-like molecules,449171,[M+H-H2O]+,15
all-cc-944,1.6732119876551983,0.53621565141035,0.2728481558788369,1.7314345080807088,0.6105453065212227,1.9045252829821888,0.8872589496514927,-0.6580475295558237,1.6652343134967769,0.5278864274810051,1.403126256728514,4.022648550511449,2.353733269936745,284.0209823,283.931489685652,0.08949261434798927,0.00031509155986743896,Lipids and lipid-like molecules,165436,[M+H]+,17
all-cc-954,1.6147314780248163,0.4672049523606506,-0.05474334382646475,1.5622992410735717,0.44109734183375504,1.780573068510431,0.7794619564818291,-0.6339127340025316,1.5182503272986836,0.3572843489332749,1.2596953777860913,4.022648550511449,2.2316095626712857,277.0150834,276.90744545811486,0.1076379418851161,0.0003885634694111249,Lipids and lipid-like molecules,440615,[M+H]+,17
all-cc-958,-0.07622738731900902,-0.2404228842958981,1.2556226549947418,0.4629200055271796,0.7799932712086904,0.01482378899088289,0.4436922515220762,-1.3700239983779217,0.03808127042354177,0.6984885060287355,0.1600586392275166,-0.6711111967386733,-0.29942418999750203,199.6457982,199.45483980228784,0.1909583977121656,0.0009564859337578867,Lipids and lipid-like molecules,15560610,[M+H-H2O]+,21
all-cc-962,-0.4997100413754072,-0.23908826931621824,1.2556226549947418,0.12464947151290508,0.6105453065212227,-0.2967120460932917,0.20477758025180565,-1.3700239983779217,-0.19636515194641133,0.6131874667548703,-0.07899282567652137,-0.6711111967386733,-0.5478001586063932,188.2812278,185.756427899222,2.524799900777964,0.013409727195214115,Lipids and lipid-like molecules,31292,[M+H]+,21
all-cc-1242,0.3877129139055066,-0.24922491564817856,1.2556226549947418,0.8434743562932383,0.949441235896158,0.4509739581087273,0.6240639663576546,-1.3700239983779217,0.3752689794908951,0.6984885060287355,0.470825543602766,0.5023287400738573,0.4107207184018602,226.15,224.83505639914054,1.3149436008594364,0.005814475352020503,Lipids and lipid-like molecules,LPE(18:0),[M+Na]+,14
all-cc-1245,0.3877129139055066,-0.24922491564817856,1.2556226549947418,0.8434743562932383,0.7799932712086904,0.4509739581087273,0.6240639663576546,-1.3700239983779217,0.3237995838153497,0.5278864274810051,0.4230152506219583,0.5023287400738573,0.3061688522038428,215.0,220.4704443890303,-5.4704443890303205,0.025443927390838696,Lipids and lipid-like molecules,LPE(18:1),[M+H]+,14
all-cc-1246,0.3877129139055066,-0.24922491564817856,1.2556226549947418,0.8434743562932383,0.7799932712086904,0.4509739581087273,0.6240639663576546,-1.3700239983779217,0.3237995838153497,0.5278864274810051,0.4230152506219583,0.5023287400738573,0.4019332730263535,220.55,222.3986076778827,-1.8486076778826828,0.008381807653061358,Lipids and lipid-like molecules,LPE(18:1),[M+Na]+,14
all-cc-1248,0.20320749743976893,-0.2499754307351331,0.92803115528944,0.7166229060378854,0.6952692888649565,0.26405245705822256,0.5115923421234088,-1.3700239983779217,0.1860938573025711,0.4425853882071401,0.3034895181699393,0.5023287400738573,0.1231399143404748,214.25,212.75985533211934,1.4901446678806565,0.006955167644717183,Lipids and lipid-like molecules,42607469,[M+H]+,14
all-cc-1249,0.20320749743976893,-0.2499754307351331,0.92803115528944,0.7166229060378854,0.6952692888649565,0.26405245705822256,0.5115923421234088,-1.3700239983779217,0.1860938573025711,0.4425853882071401,0.3034895181699393,0.5023287400738573,0.2189043351629857,214.7,214.9966385304277,-0.2966385304276855,0.0013816419675253169,Lipids and lipid-like molecules,42607469,[M+Na]+,14
all-cc-1338,1.811656232917478,2.2662522687765763,-0.2185390936791156,0.2092171050164737,-0.4908664639473173,1.5657925472027576,0.41473555302362414,0.78149014646122,1.4821023846843182,0.016080191837814273,1.2596953777860913,-0.6711111967386733,1.935703122460866,278.879414296089,278.98740280021667,-0.10798850412766113,0.00038722293074313724,Lipids and lipid-like molecules,36314,[M+H]+,16
all-cc-1339,1.1031177947708226,3.7699044633687993,-0.2185390936791156,-0.12905342899780078,0.6952692888649565,0.3887845740163073,-0.2081330579115029,0.8242031328874101,1.262638869785082,0.6984885060287355,0.9728336199012456,-0.6711111967386733,0.8077830745032627,238.156048716368,243.1272765008496,-4.971227784481641,0.02087382542360756,Lipids and lipid-like molecules,441289,[M+Na]+,8
all-cc-1340,-0.5977197793916199,-0.17117980952807674,-1.0375178429423697,-0.6364592300192125,-0.4908664639473173,-0.35901921311012663,-0.32412082415929777,-1.3700239983779217,-0.09193867413007484,-0.5810270830792418,-0.5331906089941935,-0.6711111967386733,-0.2483624277148971,171.48022283982098,171.58733610814744,-0.10711326832642952,0.0006246391948445482,Lipids and lipid-like molecules,4004,[M+Na]+,3
all-cc-1346,0.7084420354057164,3.146865747234851,0.2728481558788369,-0.298188696004938,-0.15197053457238188,-0.004883298896837105,-0.4945230624219563,0.6980981253434252,0.3181535557841041,-0.15452188670991598,0.2556792251891318,0.5023287400738573,0.17972146238179676,205.562497672421,208.80554309086784,-3.2430454184468545,0.015776444902001953,Lipids and lipid-like molecules,122724,[M+H]+,8
all-cc-1348,-0.2339562674578923,0.10811714373038077,1.0918269051420908,0.2092171050164737,0.3563733594900212,-0.10979054504278694,0.18947388290642475,-1.3700239983779217,-0.2059068467069535,0.4425853882071401,-0.07899282567652137,-0.6711111967386733,-0.2648760285831772,183.980460873859,193.98985893229911,-10.009398058440127,0.054404679773591764,Lipids and lipid-like molecules,3952079,[M+Na]+,21
all-cc-1351,1.7017596419338739,3.4351398257212926,0.2728481558788369,0.3783523720236109,0.017477430115085815,1.3236698008225505,0.09929513626395604,0.5554690133626394,1.52200360343392,0.7837895453026006,1.4270314032189175,2.8492086136989188,1.800962874261872,284.94136725501096,284.83698822814665,0.10437902686442158,0.000366317561644205,Lipids and lipid-like molecules,3495,[M+H]+,32
all-cc-1354,0.6587748577886792,-0.2359257423171037,1.5832141547000431,1.1394610735557285,0.8647172535524242,0.7625097931929019,0.7870410886995878,-1.3700239983779217,0.5512148845626986,0.7837895453026006,0.6381615690355925,1.675768676886388,0.6199446887206599,231.8,235.2077919188931,-3.4077919188930537,0.01470143191929704,Lipids and lipid-like molecules,52926288,[M+H]+,14
all-cc-1787,0.8497659295372133,-0.2404228842958981,1.2556226549947418,1.0548934400521601,0.7799932712086904,0.8263746393851576,0.5417260544759576,-0.9046965205406188,0.7173367676589223,1.2102947416719263,0.7815924479780153,0.5023287400738573,0.8334449625834103,244.7,244.4137299951115,0.286270004888479,0.0011698815075131958,Lipids and lipid-like molecules,42607495,[M+H]+,14
all-cc-1789,0.5551615957371789,-0.2460084677002909,1.2556226549947418,0.9703258065485912,0.8647172535524242,0.6378954591592321,0.6508598726054217,-1.3700239983779217,0.4557002934138662,0.7837895453026006,0.5425409830739774,1.675768676886388,0.5066025452981008,228.3,230.09846034499225,-1.7984603449922358,0.007877618681525344,Lipids and lipid-like molecules,42607474,[M+H]+,14
all-cc-1790,0.5551615957371789,-0.2460084677002909,1.2556226549947418,0.9703258065485912,0.8647172535524242,0.6378954591592321,0.6508598726054217,-1.3700239983779217,0.4557002934138662,0.7837895453026006,0.5425409830739774,1.675768676886388,0.6023710799172054,232.1,231.99484027877568,0.10515972122428252,0.00045307936761862353,Lipids and lipid-like molecules,42607474,[M+Na]+,14
all-cc-1791,0.5551615957371789,-0.2460084677002909,1.2556226549947418,0.9703258065485912,0.6952692888649565,0.6378954591592321,0.6508598726054217,-1.3700239983779217,0.4042308983646052,0.6131874667548703,0.4947306900931697,1.675768676886388,0.4978209814551957,224.2,228.35949775211049,-4.1594977521104965,0.0185526215526784,Lipids and lipid-like molecules,9547099,[M+H]+,14
all-cc-1792,0.5551615957371789,-0.2460084677002909,1.2556226549947418,0.9703258065485912,0.6952692888649565,0.6378954591592321,0.6508598726054217,-1.3700239983779217,0.4042308983646052,0.6131874667548703,0.4947306900931697,1.675768676886388,0.5935895160743003,227.0,230.2817852593169,-3.281785259316905,0.014457203785537024,Lipids and lipid-like molecules,9547099,[M+Na]+,14
all-cc-1803,0.3877129143916057,2.9132027299001018,1.747009904552694,0.2092171050164737,0.18692539480255352,0.09295088186838413,-0.1436891913109802,-0.3359629365172497,0.32793387122201195,0.18668227038554447,0.4230152506219583,-0.6711111967386733,0.03197631782995032,212.23472630000003,212.12387112225758,0.11085517774247933,0.0005223234655095146,Lipids and lipid-like molecules,14986,[M+H]+,8
all-cc-1804,0.4452650047535751,3.021152557799017,1.747009904552694,0.2092171050164737,0.18692539480255352,0.15477152740760194,-0.13175558906542706,-0.36931974496436826,0.3900566134220905,0.18668227038554447,0.4947306900931697,-0.6711111967386733,0.09303838929722312,216.09705845,214.77185960380194,1.3251988461980488,0.006132424271312652,Lipids and lipid-like molecules,14985,[M+H]+,8
all-cc-1805,0.5551615957371789,2.7570777366486245,1.9108056544053449,0.3783523720236109,-0.15197053457238188,0.2784973712109142,0.0680315837882141,-0.4299684875954919,0.2642894765420885,-0.15452188670991598,0.3034895181699393,-0.6711111967386733,0.15369378110360304,198.6621597,208.8473052750949,-10.185145575094936,0.05126867436896659,Lipids and lipid-like molecules,5282367,[M+H]+,8
all-cc-1807,0.20320749743976893,-0.9282940635317172,-1.0375178429423697,-0.6364592300192125,-0.2366945169161157,0.6744532357252354,0.2355245030576053,-1.3700239983779217,-0.24223718977031386,-0.4104250045315115,0.06443805326590141,1.675768676886388,0.2925217476121671,204.2587489,203.29169375227212,0.9670551477278764,0.004734461328759643,Lipids and lipid-like molecules,11306073,[M+H]+,37
all-cc-1808,2.474139264486561,-0.9284064440864525,0.92803115528944,1.1394610735557285,0.3563733594900212,3.563892961303832,1.371321412628442,0.16438919018952694,2.897773367665672,0.6131874667548703,2.8852453391335486,2.8492086136989188,4.11943502090765,338.7,338.80431970165296,-0.10431970165302573,0.00030800030012703196,Lipids and lipid-like molecules,24892734,[M+H]+,17
all-cc-1818,0.2668188867536852,-0.24720874149741914,1.5832141547000431,0.29378473852004233,0.017477430115085815,0.3263596240750575,0.4850334329791056,-1.3700239983779217,0.1746092400166225,0.18668227038554447,0.1600586392275166,1.675768676886388,0.1316333164237045,213.2,218.49873599403583,-5.298735994035837,0.02485335832099361,Lipids and lipid-like molecules,5280879,[M+H]+,14
all-cc-1819,0.5010459776498094,-0.2463534747048641,1.5832141547000431,0.4629200055271796,0.10220141245881967,0.5755882921423972,0.6699389470563697,-1.3700239983779217,0.3452915904781185,0.18668227038554447,0.3273946646603432,1.675768676886388,0.3800581822822601,234.1,230.42900507440189,3.6709949255980803,0.015681311087561215,Lipids and lipid-like molecules,5280878,[M+H]+,14
all-cc-1851,-0.002227782859459821,-0.21652425831668892,2.2383971541106464,0.6320552725343168,1.1188892005836255,0.07713095600771781,0.6434417969472996,-1.3700239983779217,0.23502280312311524,1.1249937023980612,0.3273946646603432,0.5023287400738573,-0.08137587104117043,216.8594527,215.3075203058096,1.5519323941904588,0.007156397264994382,Lipids and lipid-like molecules,11197,[M+Na]+,14
all-cc-1889,0.4452650047535751,-0.2584722048141812,0.92803115528944,0.8011905395414541,0.6952692888649565,0.5132811251255622,0.5156969580635893,-1.3700239983779217,0.3087163072157727,0.6131874667548703,0.39911010413155457,1.675768676886388,0.4802467932118626,228.6893688,224.87229509352053,3.817073706479448,0.016691085057905182,Lipids and lipid-like molecules,9547100,[M+Na]+,14
all-cc-1905,1.359893152206082,-0.06551850406449003,-0.8737220930897188,0.8857581730450227,-0.2366945169161157,1.2852556120201508,0.3647199241174015,-0.5184443003750165,0.9213983086546388,-0.3251239652576463,0.6859718620164001,4.022648550511449,1.8388831322997758,263.0732376,250.011844230028,13.061393369972052,0.04964926683204377,Lipids and lipid-like molecules,444493,[M+Na]+,17
all-cc-1908,-0.4067287076430858,0.2496826017600069,1.2556226549947418,0.2092171050164737,0.2716493771462873,-0.2344048790764568,0.2778497225371378,-1.3700239983779217,-0.2517256224075002,0.2719833096594097,-0.12680311865732896,-0.6711111967386733,-0.5000143774469767,187.2008813,182.6094947342488,4.591386565751179,0.0245265221716196,Lipids and lipid-like molecules,5284421,[M+H]+,21
all-cc-1912,2.474139264486561,-0.9284064440864525,0.92803115528944,1.1394610735557285,0.3563733594900212,3.563892961303832,1.371321412628442,0.16438919018952694,2.897773367665672,0.6131874667548703,2.8852453391335486,2.8492086136989188,4.215203555526755,340.1,339.3709564424874,0.7290435575126253,0.002143615282307043,Lipids and lipid-like molecules,24892734,[M+Na]+,17
all-cc-1913,0.06886911708563574,0.3246277265014622,2.2383971541106464,0.7166229060378854,1.1188892005836255,0.13943812302455275,0.7165940264192237,-1.3700239983779217,0.29216512628524843,1.1249937023980612,0.39911010413155457,-0.6711111967386733,-0.11608015584759432,187.5360064,215.6681677616951,-28.13216136169509,0.1500093870064149,Lipids and lipid-like molecules,75546,[M+H]+,14
all-cc-1938,0.2668188867536852,-0.24720874149741914,1.5832141547000431,0.29378473852004233,0.017477430115085815,0.3263596240750575,0.4850334329791056,-1.3700239983779217,0.1746092400166225,0.18668227038554447,0.1600586392275166,1.675768676886388,0.2274018510428089,227.9,220.90771286741509,6.9922871325848925,0.030681382766936775,Lipids and lipid-like molecules,5280879,[M+Na]+,14
all-cc-1940,0.5010459776498094,-0.2463534747048641,1.5832141547000431,0.4629200055271796,0.10220141245881967,0.5755882921423972,0.6699389470563697,-1.3700239983779217,0.3452915904781185,0.18668227038554447,0.3273946646603432,1.675768676886388,0.4758267169013645,238.7,232.4715908799288,6.2284091200712055,0.026093041977675768,Lipids and lipid-like molecules,5280878,[M+Na]+,14
all-cc-2059,0.8038713621933496,-0.9284064440864525,-0.7099263432370679,0.12464947151290508,-0.6603144286347851,0.4214794411776744,-0.1470869571380004,0.5583601440109022,0.05016529237120178,-0.15452188670991598,-0.031182532695713774,2.8492086136989188,0.8408024341963584,210.0853584,210.3972053249052,-0.31184692490521115,0.0014843820020596502,Metabolites,17473,[M+Na]+,13
all-cc-2060,0.2668188867536852,-0.9284064440864525,-0.8737220930897188,-0.298188696004938,-0.5755904462910512,-0.1906194620646271,-0.4566539614351824,0.2385154311831233,-0.3499395565871413,-0.4957260438053766,-0.4375700230325783,2.8492086136989188,0.07843885697196497,187.7474699,183.81302885549562,3.9344410445044105,0.020956026979218487,Metabolites,439220,[M+H]+,13
all-cc-2061,0.2668188867536852,-0.9284064440864525,-0.8737220930897188,-0.12905342899780078,-0.5755904462910512,-0.030591542021390836,-0.3842211617153335,-0.15130917547070258,-0.3113786268292261,-0.4957260438053766,-0.3897597300517707,4.022648550511449,0.2525330933102517,184.9251884,188.4804957752802,-3.5553073752801936,0.01922565230859699,Metabolites,65091,[M+H]+,13
all-cc-2064,0.9382097425474828,-0.9284064440864525,-0.7099263432370679,0.12464947151290508,-0.5755904462910512,0.4463115170394397,-0.14247863546391565,0.6980981253434252,0.1823967579963974,-0.15452188670991598,0.08834319975630521,1.675768676886388,0.9499066066278252,220.94485130000004,219.1637649466328,1.7810863533672716,0.008061225880067708,Metabolites,18396,[M+Na]+,30
all-cc-2065,0.980864383055739,-0.7767179574603724,-0.2185390936791156,0.12464947151290508,-0.4908664639473173,0.6677179809601481,0.010432674120887029,0.18106759441308776,0.2760598639796868,0.10138123111167943,0.2795843716795356,1.675768676886388,0.9894222279963842,220.73556,226.2990014305204,-5.563441430520384,0.0252041013714346,Metabolites,448209,[M+Na]+,30
all-cc-2066,0.8038713621933496,-0.9284064440864525,-0.8737220930897188,0.12464947151290508,-0.5755904462910512,0.2636837755965792,-0.2211659568514816,0.8704416356535358,0.06711507299427863,-0.2398229259837812,-0.031182532695713774,1.675768676886388,0.6537063326815643,211.436468,209.2775487620118,2.1589192379881865,0.010210723147286905,Metabolites,192,[M+H]+,30
all-cc-2067,0.3282735374646281,-0.9284064440864525,-0.8737220930897188,-0.298188696004938,-0.6603144286347851,-0.12972883848817415,-0.4392263640118033,0.18106759441308776,-0.3340110525899909,-0.4957260438053766,-0.4136648765421745,2.8492086136989188,0.14812369090190702,191.4985581,187.39987934165111,4.098678758348882,0.02140318339216196,Metabolites,8977,[M+H]+,13
all-cc-2069,0.06886911708563574,-0.7151377812199863,-0.8737220930897188,-0.298188696004938,-0.5755904462910512,-0.21560212453291447,-0.463225193827349,-0.005063396721833364,-0.4197415369619588,-0.4957260438053766,-0.4614751695229821,2.8492086136989188,0.0652618027052945,177.62264140000005,182.81589141629487,-5.193250016294853,0.029237545255279912,Metabolites,164628,[M+Na]+,13
all-cc-2073,1.2542668543208393,-0.28974799910955035,-0.8737220930897188,0.7166229060378854,-0.2366945169161157,1.0997660268216258,0.2507677427297991,-0.4652205692498349,0.7400437801636961,-0.3251239652576463,0.5664461295643811,4.022648550511449,1.5600875384223825,240.3579453,240.25159172953755,0.10635357046245986,0.00044247994519056093,Metabolites,6816,[M+H]+,17
all-cc-2076,0.06886911708563574,-0.9284064440864525,-0.8737220930897188,-0.298188696004938,-0.6603144286347851,-0.21560212453291447,-0.463225193827349,-0.005063396721833364,-0.46038747524428003,-0.4957260438053766,-0.4853803160133859,2.8492086136989188,-0.026170517544825595,175.0878083,180.06905062951847,-4.981242329518466,0.028449966778860324,Metabolites,6132,[M+H]+,13
all-cc-2078,0.2668188867536852,-0.9284064440864525,-0.8737220930897188,-0.4673239630120752,-0.6603144286347851,-0.1906194620646271,-0.4566539614351824,0.2385154311831233,-0.3610665705269827,-0.4957260438053766,-0.4375700230325783,4.022648550511449,0.07843885697196497,182.4981182,182.39930355615869,0.0988146438412798,0.0005414556863155632,Metabolites,159296,[M+H]+,13
all-cc-2080,0.2668188867536852,-0.9284064440864525,-0.8737220930897188,-0.298188696004938,-0.6603144286347851,-0.1906194620646271,-0.4566539614351824,0.2385154311831206,-0.3656725655668375,-0.4957260438053766,-0.4614751695229821,2.8492086136989188,0.08272584073473094,185.5564803,184.28471216494358,1.2717681350563623,0.006853806091817545,Metabolites,644173,[M+H]+,13
all-cc-2081,0.9382097425474828,-0.9284064440864525,-0.7099263432370679,0.12464947151290508,-0.5755904462910512,0.4463115170394397,-0.14247863546391565,0.6980981253434252,0.1823967579963974,-0.15452188670991598,0.08834319975630521,1.675768676886388,0.8541380720087205,218.9216656,217.34244215460131,1.5792234453986964,0.0072136462193931735,Metabolites,644106,[M+H]+,30
all-cc-2099,1.3253637542659351,-0.9284064440864525,-0.8737220930897188,0.4629200055271796,-0.5755904462910512,0.9003966598455431,0.09390892057000087,0.6980981253434252,0.6666866254700411,-0.2398229259837812,0.39911010413155457,4.022648550511449,1.4553539982173458,230.85713790000003,230.95222242443816,-0.09508452443816397,0.0004118760429203257,Metabolites,5886,[M+H]+,13
all-cc-2123,0.7567845958048931,-0.9284064440864525,-0.7099263432370679,0.12464947151290508,-0.5755904462910512,0.3600158500259764,-0.16339951469861827,0.6119263701883687,0.0513514500390314,-0.15452188670991598,-0.007277386205309979,1.675768676886388,0.779898946274777,209.2051577,212.6297280498373,-3.4245703498372966,0.016369435569787084,Metabolites,53477679,[M+Na]+,30
all-cc-2124,0.8945271810692461,-0.8254695305439816,-0.7099263432370679,0.12464947151290508,-0.5755904462910512,0.5445273724754714,-0.053066152622340934,0.4594686495294236,0.1960719401851289,-0.15452188670991598,0.1361534927371128,1.675768676886388,0.8628706230799525,208.8225562,218.8465602403656,-10.024004040365584,0.04800249658262532,Metabolites,445675,[M+H]+,30
all-cc-2125,0.7567845958048931,-0.9284064440864525,-0.7099263432370679,0.12464947151290508,-0.5755904462910512,0.3600158500259764,-0.16339951469861827,0.6119263701883687,0.0513514500390314,-0.15452188670991598,-0.007277386205309979,1.675768676886388,0.779898946274777,209.4004111,212.6297280498373,-3.2293169498372833,0.015421731661716318,Metabolites,18068,[M+Na]+,30
all-cc-2142,0.5010459776498094,-0.9284064440864525,-0.8737220930897188,-0.12905342899780078,-0.5755904462910512,0.053443933836028336,-0.27470558074105256,0.030961956401053342,-0.20965271019056225,-0.3251239652576463,-0.2702339975997517,4.022648550511449,0.3312425693709357,195.6466833,192.88902049728298,2.7576628027170496,0.014095116544799868,Metabolites,440122,[M+Na]+,13
all-cc-2144,0.5010459776498094,-0.9284064440864525,-0.8737220930897188,-0.12905342899780078,-0.6603144286347851,0.053443933836028336,-0.3609750762307582,0.030961956401053342,-0.19666646972838192,-0.4957260438053766,-0.3180442905805593,4.022648550511449,0.4268273017569841,196.4016682,196.2977437043517,0.10392449564827187,0.0005291426320393743,Metabolites,5957,[M+H]+,13
all-cc-2165,0.2668188867536852,-0.9284064440864525,-0.8737220930897188,-0.298188696004938,-0.6603144286347851,-0.1906194620646271,-0.4566539614351824,0.2385154311831206,-0.3616038221405876,-0.4957260438053766,-0.4375700230325783,2.8492086136989188,0.17420745694143214,196.9195092,187.4493959650852,9.470113234914775,0.04809129005748496,Metabolites,6022,[M+Na]+,13
all-cc-2167,0.3282735374646281,-0.7151377812199863,-0.8737220930897188,-0.12905342899780078,-0.5755904462910512,0.031162112786407063,-0.3675865809848209,-0.1933338245364699,-0.25480418454975456,-0.4957260438053766,-0.34194943707096315,4.022648550511449,0.4136505315465545,207.4089249,194.79166253450768,12.617262365492305,0.06083278418021591,Metabolites,64968,[M+Na]+,13
all-cc-2168,0.5010459776498094,-0.9284064440864525,-0.8737220930897188,-0.12905342899780078,-0.6603144286347851,0.053443933836028336,-0.3609750762307582,0.030961956401053342,-0.19666646972838192,-0.4957260438053766,-0.3180442905805593,4.022648550511449,0.5225960437545714,204.593874,198.82445386943058,5.7694201305694435,0.028199378689947693,Metabolites,5957,[M+Na]+,13
all-cc-2169,0.8945271810692461,-0.9284064440864525,-0.7099263432370679,0.12464947151290508,-0.5755904462910512,0.38536795833490506,-0.15942238151281568,0.7525223917571395,0.15480398844578916,-0.15452188670991598,0.06443805326590141,1.675768676886388,0.8802214938696713,177.6163034,217.30902230435714,-39.69271890435715,0.22347452426688186,Metabolites,16500,[M+Na]+,30
all-cc-2303,-0.4067287076430858,-0.7836813901983586,-0.8737220930897188,-0.5518915965156439,-0.4908664639473173,-0.2344048790764568,-0.2620782387987104,-1.3700239983779217,-0.6643201900345825,-0.3251239652576463,-0.5570957554845973,2.8492086136989188,-0.36139851360764497,166.30908290000005,172.52443498509896,-6.215352085098942,0.03737229486639748,Metabolites,5255,[M+Na]+,3
all-cc-2315,1.8899160945247009,0.8384801470059079,-0.5461305933844172,0.7166229060378854,0.2716493771462873,2.4007025345625275,1.3323194697729344,0.11362882950912985,2.061731542698353,0.6131874667548703,1.7856086005749745,-0.6711111967386733,2.6027364481622266,303.8327113,303.7262480159969,0.10646328400315497,0.0003504009938483373,Metabolites,53477758,[M+H]+,16
all-cc-2333,-0.5977197793916199,-0.9284064440864525,-0.8737220930897188,-0.4673239630120752,-0.4061424816035834,-0.35901921311012663,-0.32412082415929777,-1.3700239983779217,-0.7245051270625591,-0.2398229259837812,-0.6049060484654049,2.8492086136989188,-0.5791321719465179,162.6017159,161.47242044292838,1.1292954570716347,0.006945163221808502,Metabolites,92865,[M+H]+,3
all-cc-2335,-0.4997100413754072,-0.9284064440864525,-1.3651093426476713,-0.6364592300192125,-0.2366945169161157,-0.2967120460932917,-0.2615634333435872,-1.3700239983779217,-0.7153590695412598,-0.7516291616269721,-0.5810009019750011,4.022648550511449,-0.5094473380165763,159.6304399,161.10180526337518,-1.4713653633751846,0.00921732323920749,Metabolites,6049,[M+H]+,3
all-cc-2372,-0.002227782859459821,-0.9284064440864525,-0.5461305933844172,-0.298188696004938,-0.6603144286347851,-0.27717251851681224,-0.4152728352216069,0.3103252271456732,0.06383520946173278,-0.5810270830792418,-0.6049060484654049,0.5023287400738573,1.6017876045659931,216.1848462,209.5162364240303,6.6686097759697125,0.030846795662080564,Metabolites,5819,[M+H]+,15
all-cc-2378,-0.07622738731900902,-0.9284064440864525,-0.5461305933844172,-0.298188696004938,-0.6603144286347851,-0.33868284609768706,-0.4296893695397785,0.3833838891249591,-0.11025233699016802,-0.5810270830792418,-0.6049060484654049,0.5023287400738573,1.0532946079340866,207.485443486848,207.56893681026372,-0.0834933234157802,0.0004024056917567455,Metabolites,5920,[M+H]+,15
all-cc-2379,-0.5977197793916199,-0.9284064440864525,-0.7099263432370679,-0.3827563295085066,-0.2366945169161157,-0.35901921311012663,-0.25713574814820644,-1.3700239983779217,-0.6442701179594583,-0.15452188670991598,-0.5092854625037897,2.8492086136989188,-0.5789740240699037,159.8175365,161.98240208904355,-2.1648655890435577,0.013545857585181571,Metabolites,160556,[M+H]+,3
all-cc-2413,0.3282735374646281,-0.9284064440864525,-0.3823348435317664,-0.298188696004938,0.017477430115085815,0.031162112786407063,-0.061358301347589274,0.4484971793770544,-0.028102902425946846,0.10138123111167943,-0.007277386205309979,1.675768676886388,-0.01655007288533441,189.656025295126,190.8433349937448,-1.1873096986188043,0.00626033207630086,Metabolites,5362119,[M+H]+,30
all-cc-2414,-0.5977197793916199,-0.3910030888296649,-0.8737220930897188,-0.6364592300192125,-0.5755904462910512,-0.5424792048819156,-0.534424067156366,-0.3359629365172497,-0.2472263347291455,-0.7516291616269721,-0.7483369274078276,-0.6711111967386733,-0.26183220148501984,201.738095256874,166.2574969877613,35.480598269112726,0.1758745576730817,Metabolites,2730,[M+H]+,10
all-cc-2418,0.4452650047535751,-0.5397600116062992,-1.0375178429423697,-0.044485795494232164,-0.4061424816035834,-0.007689542841371914,-0.25736524121053045,0.18106759441308776,0.17915074427728062,-0.6663281223531069,-0.3180442905805593,2.8492086136989188,0.3659710588710727,193.644282693408,195.71429407156646,-2.0700113781584832,0.010689762431230043,Metabolites,42008,[M+Na]+,13
all-cc-2420,0.5551615957371789,0.5816179375938567,-0.2185390936791156,-0.12905342899780078,-0.4061424816035834,0.11464461365799372,-0.07856553667347753,0.2780108189625259,0.06974881475757612,-0.4104250045315115,0.016627760285093815,2.8492086136989188,0.11415326560372208,202.00694835667701,202.0993889351201,-0.09244057844310304,0.0004576108851458108,Metabolites,60846,[M+H]+,13
all-cc-2425,2.436761887041589,3.0235314869819154,-0.7099263432370679,0.9703258065485912,-0.06724655222864802,3.2768230309562347,1.3905723775740826,0.5602233170953339,2.9599744547966376,0.4425853882071401,2.7657196066815297,-0.6711111967386733,3.6840322551219487,341.23166589146,341.337196356343,-0.10553046488297467,0.0003092633991258658,Metabolites,457193,[M+H]+,16
all-cc-2429,0.7567845958048931,-0.505793130374589,-0.8737220930897188,1.1394610735557285,0.8647172535524242,0.8871241272265717,0.8375848555370594,-1.3700239983779217,0.4968456624048988,0.3572843489332749,0.6381615690355925,-0.6711111967386733,0.6592903033001994,221.391757073283,221.487160442486,-0.09540336920295543,0.00043092557041938975,Metabolites,2973,[M+H]+,22
all-cc-2435,0.6077084222234195,1.4452990991619303,1.747009904552694,0.29378473852004233,0.6952692888649565,0.5150613298974702,0.4932337081360211,-1.015488777168549,0.6086046461464162,0.9543916238503308,0.6620667155259963,-0.6711111967386733,0.3762753112137927,241.163245886285,233.55611407256387,7.607131813721168,0.031543495717038635,Metabolites,3034010,[M+H]+,14
all-cc-2444,-0.7013330414431199,-0.9284064440864525,-0.7099263432370679,-0.8055944970263498,-0.6603144286347851,-0.6045827537058855,-0.6827803341869595,-0.2751358152313305,-0.775860986307577,-0.6663281223531069,-0.7722420738982314,4.022648550511449,-0.5490479148560439,195.562286628687,155.51508374244602,40.04720288624094,0.20477978436751632,Metabolites,5245,[M+H]+,13
all-cc-2447,0.6077084222234195,0.2875192104468597,-1.0375178429423697,0.7166229060378854,0.10220141245881967,0.700202626176067,0.3563152319139557,-1.3700239983779217,0.4676610200441283,-0.4104250045315115,0.4230152506219583,-0.6711111967386733,0.6326752791063666,222.50962632415198,222.40547391987167,0.10415240428034167,0.00046808044218550995,Metabolites,452306,[M+H]+,22
all-cc-2467,-0.4997100413754072,-0.9284064440864525,-0.8737220930897188,-0.3827563295085066,-0.4061424816035834,-0.2967120460932917,-0.2615634333435872,-1.3700239983779217,-0.6810161145089817,-0.3251239652576463,-0.5331906089941935,2.8492086136989188,-0.5180245294933117,165.66220909999902,165.32964793137654,0.3325611686224477,0.002007465495173393,Metabolites,16950,[M+H]+,3
all-cc-2530,-0.4997100413754072,-0.9284064440864525,-0.8737220930897188,-0.3827563295085066,-0.4061424816035834,-0.2967120460932917,-0.2615634333435872,-1.3700239983779217,-0.6810161145089817,-0.3251239652576463,-0.5331906089941935,2.8492086136989188,-0.4222559948742069,172.2207893,168.8399854945572,3.3808038054428096,0.01963063703972241,Metabolites,16950,[M+Na]+,3
all-cc-2535,0.9382097425474828,-0.2409543847296061,1.5832141547000431,0.6320552725343168,0.2716493771462873,1.1363527952939114,1.0244781217153098,-1.3700239983779217,0.7452360514641264,0.4425853882071401,0.7098770085068039,2.8492086136989188,1.0380254271707516,260.5666667,260.669091377861,-0.10242467786099496,0.0003930843463524069,Metabolites,5280493,[M+Na]+,14
all-cc-2601,-2.5892166616796075,-0.21075411851866527,-1.3651093426476713,-1.0592973975370557,-0.6603144286347851,-1.1067052173121457,-0.8728678162814206,-1.3700239983779217,-1.0471361789480291,-0.7516291616269721,-0.9873883923118656,-0.6711111967386733,-1.3416040379973702,117.1819198,118.82474012566202,-1.6428203256620149,0.014019401017374485,Metabolites,249,[M+H]+,3
all-cc-2602,-1.1876255200946633,-0.9284064440864525,-1.0375178429423697,-0.298188696004938,0.10220141245881967,-0.6705550481943012,-0.09213824855931876,-1.3700239983779217,-0.6847560904181486,-0.4104250045315115,-0.4853803160133859,-0.6711111967386733,-0.9010049250882995,148.2446315,147.9216384567124,0.32299304328759604,0.0021787840815510147,Metabolites,1103,[M+H]+,3
all-cc-2604,-0.31828489463281623,-0.2593144288195212,1.2556226549947418,0.12464947151290508,0.44109734183375504,-0.17209771205962188,0.11879277391158675,-1.3700239983779217,-0.15186289040173254,0.6131874667548703,0.016627760285093815,-0.6711111967386733,-0.3996487090690638,196.2455608,193.2097677362843,3.0357930637157167,0.015469359160738353,Metabolites,122121,[M+H]+,21
all-cc-2608,-0.4067287076430858,-0.2499230144569048,1.2556226549947418,0.12464947151290508,0.3563733594900212,-0.2344048790764568,0.15490250626003013,-1.3700239983779217,-0.21431132348170687,0.4425853882071401,-0.055087679186117566,-0.6711111967386733,-0.4781153246764514,185.9982654,186.0867624682276,-0.0884970682276105,0.00047579512656901633,Metabolites,5353955,[M+H]+,21
all-cc-2609,-0.4067287076430858,-0.2499230144569048,1.2556226549947418,0.12464947151290508,0.525821324177489,-0.2344048790764568,0.15490250626003013,-1.3700239983779217,-0.16531666141567455,0.6131874667548703,-0.007277386205309979,-0.6711111967386733,-0.4693335429990054,188.0022456,190.4135074913109,-2.4112618913108856,0.01282570792500622,Metabolites,91486,[M+H]+,21
all-cc-2625,0.8038713621933496,-0.9284064440864525,-0.8737220930897188,-0.298188696004938,0.7799932712086904,0.2636837755965792,0.051682138588434616,0.5257546150333088,0.4172276286502478,-0.2398229259837812,0.3752049576411508,-0.6711111967386733,0.4151583410758947,223.92410769337798,213.1827021128782,10.741405580499816,0.04796895560351257,Metabolites,3108,[M+H]+,19
all-cc-2679,-0.4067287076430858,-0.9284064440864525,-0.7099263432370679,-0.5518915965156439,-0.5755904462910512,-0.4182110217761197,-0.6041342883888057,-0.594478201982417,-0.6788461156526808,-0.4104250045315115,-0.6288111949558087,4.022648550511449,-0.2049702228584224,168.2234564,170.06701238451734,-1.8435559845173373,0.010958971025620523,Metabolites,172313,[M+Na]+,13
all-cc-2686,-0.002227782859459821,-0.9284064440864525,-0.8737220930897188,-0.298188696004938,-0.5755904462910512,-0.27717251851681224,-0.4797727208964634,0.05180996168049962,-0.4763159792414305,-0.4957260438053766,-0.5092854625037897,2.8492086136989188,-8.681685566256507e-05,174.4794025,179.52628712811455,-5.046884628114583,0.02892538921959332,Metabolites,150855,[M+Na]+,13
all-cc-2687,-1.0532871397405434,-0.9284064440864525,-1.2013135927950205,-0.8055944970263498,-0.6603144286347851,-0.6082478811774663,-0.6515102872121419,-1.3700239983779217,-0.9471349525609308,-0.6663281223531069,-0.8917678063502504,5.196088487323982,-0.5275252337819616,152.2729976,160.54983317168063,-8.276835571680635,0.05435524158671081,Metabolites,186004,[M+Na]+,3
all-cc-2761,1.3937771028964066,1.5485259921334344,0.7642354054367893,-0.2136210625013694,-0.4061424816035834,1.3471202491533278,0.3113879235219521,0.30038233232008704,1.248402718469985,0.3572843489332749,1.4509365497093216,-0.6711111967386733,1.4745295371740907,264.171695701134,260.29704855114124,3.874647149992768,0.014667154782457397,Metabolites,84029,[M+H]+,16
all-cc-2772,1.3937771028964066,2.165959797382731,-0.2185390936791156,-0.2136210625013694,-0.32141849925984955,1.3471202491533278,0.3113879235219521,0.3600397012735869,1.2865668884464752,0.4425853882071401,1.5226519891805332,-0.6711111967386733,1.4790238994196898,263.50687227349204,257.27569386278253,6.231178410709504,0.02364711916978851,Metabolites,447043,[M+H]+,16
all-cc-2778,0.5010459776498094,0.6630818084047959,0.10905240602618606,-0.044485795494232164,-0.15197053457238188,0.053443933836028336,-0.13175558906542706,0.2311028070837668,0.3905099899971399,-0.4957260438053766,-0.007277386205309979,-0.6711111967386733,1.0281726216828302,226.280485586989,228.87740536587884,-2.5969197788898266,0.011476552086023757,Metabolites,2157,[M+H]+,33
all-cc-2830,1.18026724986129,-0.9284064440864525,-0.7099263432370679,0.29378473852004233,-0.32141849925984955,0.8131343663940803,0.105213543259796,0.5602233170953339,0.5414828692249755,0.6131874667548703,0.6381615690355925,-0.6711111967386733,1.2162949338772426,235.2553063,235.3673716818837,-0.11206538188375248,0.0004763564471563737,Metabolites,439531,[M+Na]+,22
all-cc-2831,1.18026724986129,-0.9284064440864525,-0.7099263432370679,0.29378473852004233,-0.4061424816035834,0.8131343663940803,0.1378302539442795,0.4912859129712896,0.5473148262898598,0.6131874667548703,0.6381615690355925,-0.6711111967386733,1.2162949338772426,225.0029927,235.9425266248134,-10.939533924813418,0.048619504094326735,Metabolites,439626,[M+Na]+,22
all-cc-2832,1.18026724986129,-0.9284064440864525,-0.7099263432370679,0.29378473852004233,-0.4061424816035834,0.8131343663940803,0.1378302539442795,0.4912859129712896,0.5473148262898598,0.6131874667548703,0.6381615690355925,-0.6711111967386733,1.2162949338772426,230.4655318,235.9425266248134,-5.476994824813403,0.023764919561014383,Metabolites,446495,[M+Na]+,22
all-cc-2833,1.18026724986129,-0.9284064440864525,-0.7099263432370679,-0.2136210625013694,-0.4061424816035834,0.8131343663940803,0.1378302539442795,0.4912859129712896,0.5473148262898598,0.6131874667548703,0.6381615690355925,-0.6711111967386733,1.2162949338772426,234.1183954,234.01858035076182,0.09981504923814556,0.00042634432491990993,Metabolites,3082008,[M+Na]+,22
all-cc-2834,1.290163840844893,-0.8027259111004172,-0.7099263432370679,0.2092171050164737,-0.4061424816035834,0.9971498166184664,0.2507677427297991,0.3749540435119639,0.6920353164359568,0.6131874667548703,0.7815924479780153,-0.6711111967386733,1.3950349178822576,240.5863098,242.2882162133126,-1.7019064133126278,0.007073995252379184,Metabolites,9831622,[M+Na]+,22
all-cc-2835,1.290163840844893,-0.7993714855995915,-0.7099263432370679,0.12464947151290508,-0.4061424816035834,0.9971498166184664,0.2507677427297991,0.3749540435119639,0.6920353164359568,0.6131874667548703,0.7815924479780153,-0.6711111967386733,1.3950349178822576,239.1787844,242.0459170882566,-2.8671326882566466,0.011987403880528486,Metabolites,440993,[M+Na]+,22
all-cc-2836,1.5847681746449271,-0.9284064440864525,-0.7099263432370679,0.7166229060378854,-0.32141849925984955,1.389042972639967,0.4388452995409003,0.5134443642968753,1.0642598884898449,0.9543916238503308,1.1401696453340722,-0.6711111967386733,1.922308970805486,251.042213,257.12719800420183,-6.084985004201826,0.024238891664812662,Metabolites,440949,[M+Na]+,22
all-cc-2837,1.5847681746449271,-0.9284064440864525,-0.7099263432370679,0.7166229060378854,-0.32141849925984955,1.389042972639967,0.4388452995409003,0.5134443642968753,1.0642598884898449,0.9543916238503308,1.1401696453340722,-0.6711111967386733,1.922308970805486,257.0409523,257.12719800420183,-0.08624570420181499,0.0003355329313484456,Metabolites,13489094,[M+Na]+,22
all-cc-2838,1.5543012628211916,-0.9284064440864525,-0.7099263432370679,0.29378473852004233,-0.32141849925984955,1.4892716151936345,0.5441454091702428,0.4580482359829099,1.028129128023947,0.9543916238503308,1.1401696453340722,-0.6711111967386733,1.922308970805486,260.3251783,257.74555229826353,2.5796260017365285,0.009909245116366558,Metabolites,71308662,[M+Na]+,22
all-cc-2842,1.9152694949689903,-0.9284064440864525,-0.7099263432370679,1.1394610735557285,-0.2366945169161157,1.9649515788858483,0.7398466640607222,0.5283269062319715,1.5812049506898314,1.2955957809457914,1.6421777216325515,-0.6711111967386733,2.6283230077337345,283.13,279.88364300768336,3.2463569923166347,0.011465959072922808,Metabolites,440948,[M+Na]+,22
all-cc-2843,1.9152694949689903,-0.9284064440864525,-0.7099263432370679,1.1394610735557285,-0.2366945169161157,1.9649515788858483,0.7398466640607222,0.5283269062319715,1.5812049506898314,1.2955957809457914,1.6421777216325515,-0.6711111967386733,2.6283230077337345,281.7,279.88364300768336,1.816356992316628,0.00644784164826634,Metabolites,71761996,[M+Na]+,22
all-cc-2844,1.9152694949689903,-0.9284064440864525,-0.7099263432370679,1.1394610735557285,-0.2366945169161157,1.9649515788858483,0.7398466640607222,0.5283269062319715,1.5812049506898314,1.2955957809457914,1.6421777216325515,-0.6711111967386733,2.6283230077337345,279.6954091,279.88364300768336,-0.18823390768335452,0.0006729960577081011,Metabolites,439606,[M+Na]+,22
all-cc-2847,0.3282735374646281,-0.9284064440864525,-0.8737220930897188,-0.12905342899780078,-0.6603144286347851,0.031162112786407063,-0.3675865809848209,-0.1933338245364699,-0.2954501228320758,-0.4957260438053766,-0.3658545835613669,4.022648550511449,0.4179865254669837,204.8954866,194.91410672764488,9.981379872355117,0.048714493608348335,Metabolites,6176,[M+Na]+,13
all-cc-2929,1.7017596419338739,-0.9284064440864525,1.0918269051420908,0.040081838009336464,0.2716493771462873,1.634262509843482,0.6734388751856183,-0.12915072414511405,1.160160435141498,0.2719833096594097,0.9011181804300342,8.716408297761571,1.8350518015502464,285.0990856,284.9974002704756,0.1016853295244573,0.00035666662806180987,Metabolites,72424,[M+H]+,39
all-cc-2931,1.1031177947708348,1.3674009960963092,1.5832141547000431,0.040081838009336464,-0.4061424816035834,0.6906622092982531,0.10771233035089303,0.28928328693339195,0.4941032264453673,-0.4104250045315115,0.39911010413155457,1.675768676886388,0.8504459693171693,246.7305824,246.64853713604663,0.08204526395337552,0.0003325297705509551,Metabolites,5353439,[M+Na]+,5
all-cc-2968,1.1031177947708226,1.935702972494852,0.92803115528944,-0.12905342899780078,-0.4061424816035834,0.5360721210003389,-0.005183660127999869,0.4026521076689452,0.5111997532019809,-0.4104250045315115,0.3752049576411508,1.675768676886388,0.6675880566280129,240.096977257253,239.80989892271992,0.28707833453307785,0.0011956765879042553,Metabolites,4971,[M+H]+,5
all-cc-3008,1.3253637542659351,1.3540998287155026,1.0918269051420908,0.040081838009336464,-0.06724655222864802,0.9003966598455431,0.2169038418864318,0.18106759441308776,0.7869165179926503,-0.06922084743605088,0.6142564225451888,4.022648550511449,1.0684515352823252,257.1863958,257.2926624979671,-0.10626669796710077,0.0004131894209899759,Metabolites,114935,[M+H]+,5
all-cc-3126,0.7567845958048931,-0.9284064440864525,-0.7099263432370679,0.12464947151290508,-0.4908664639473173,0.20295346225501365,-0.1795608963065264,0.7571873288783179,0.2773711716043255,-0.5810270830792418,-0.17461341163813654,4.022648550511449,0.6752503615406482,205.728776705686,205.8217153884824,-0.09293868279635832,0.0004517534410332672,Metabolites,43594,[M+Na]+,13
all-cc-3150,0.3282735374646281,-0.9284064440864525,-0.5461305933844172,0.040081838009336464,0.18692539480255352,-0.27926603932857785,-0.3004854352534867,1.6172635136640228,-0.03996433048735416,0.18668227038554447,-0.15070826514773275,1.675768676886388,-0.17343407349389112,199.713141042721,178.8999639054189,20.813177137302066,0.10421536123579307,Metabolites,2754,[M+H]+,30
all-cc-3287,-2.0677242696070235,-0.15419669316528942,-1.2013135927950205,-0.7210268635227811,-0.5755904462910512,-0.9820908832784758,-0.4584629724171965,-1.3700239983779217,-0.7364154632218197,-0.7516291616269721,-0.9873883923118656,-0.6711111967386733,-1.0065292046764165,126.931335943472,134.60847327062658,-7.677137327154567,0.060482600849435075,Metabolites,16315,[M+H]+,3
all-cc-3412,1.5847681746449271,4.0429026713324125,2.402192903963297,0.2092171050164737,0.2716493771462873,1.5509031465125844,0.6334977350003655,0.5892495925159849,1.5428371839319066,0.9543916238503308,1.5704622821613403,-0.6711111967386733,1.8142949766022096,267.000347507683,279.1680633529257,-12.167715845242697,0.04557191014477077,Metabolites,445643,[M+Na]+,20
all-cc-3414,1.063275782572331,0.5612755688076952,1.4194184048473926,0.040081838009336464,-0.32141849925984955,0.4755891352018002,0.010432674120887029,1.0511921464665817,0.7533767398547307,-0.2398229259837812,0.39911010413155457,0.5023287400738573,0.7675845669090141,235.36838274963,244.3302975715604,-8.961914821930378,0.03807612015358705,Metabolites,5281040,[M+H]+,5
all-cc-3416,1.459702134620068,-0.6781326737148106,0.10905240602618606,0.29378473852004233,-0.15197053457238188,1.1443796114529652,0.4149925410314307,0.4793544391805892,0.8635079658832401,-0.06922084743605088,0.8054975944684191,-0.6711111967386733,1.4516791295141978,258.961079368766,258.8614888418677,0.0995905268982824,0.00038457720033080114,Metabolites,5486699,[M+H]+,22
all-cc-3435,1.063275782572331,-0.7323912330110443,0.10905240602618606,0.12464947151290508,-0.5755904462910512,0.4755891352018002,-0.05161321896078737,0.8998661374137974,0.3809551188629509,0.10138123111167943,0.3034895181699393,-0.6711111967386733,0.7456650620891234,239.03658055,230.24002849302346,8.796552056976566,0.036800024652028376,Metabolites,442428,[M+H]+,29
all-cc-3436,1.1421029227264972,-0.7756089427445378,0.10905240602618606,0.040081838009336464,-0.6603144286347851,0.5966300063092417,-0.01846635706018487,0.8664336470416684,0.3848897815884773,-0.06922084743605088,0.3034895181699393,-0.6711111967386733,0.8762534100807869,234.4052917,234.51565212384116,-0.1103604238412288,0.00047081029204098303,Metabolites,5280805,[M+H]+,29
all-cc-3454,1.1421029227264972,-0.7756089427445378,0.10905240602618606,0.040081838009336464,-0.6603144286347851,0.5966300063092417,-0.01846635706018487,0.8664336470416684,0.3848897815884773,-0.06922084743605088,0.3034895181699393,-0.6711111967386733,0.9720219446998872,251.6119257,235.98315510323738,15.62877059676262,0.0621145859969968,Metabolites,5280805,[M+Na]+,29
all-cc-3482,1.1031177947708226,1.3674009960963092,1.5832141547000431,0.040081838009336464,-0.4061424816035834,0.6906622092982531,0.10771233035089303,0.28928328693339195,0.4941032264453673,-0.4104250045315115,0.39911010413155457,1.675768676886388,0.7546775322879437,246.5,244.05332895078098,2.446671049218992,0.009925643201699764,Metabolites,5280353,[M+H]+,5
all-cc-3489,1.1031177947708348,1.3674009960963092,1.5832141547000431,0.040081838009336464,-0.4061424816035834,0.6906622092982531,0.10771233035089303,0.28928328693339195,0.4941032264453673,-0.4104250045315115,0.39911010413155457,1.675768676886388,0.8504460669070477,248.8333333,246.64853970862882,2.1847935913712035,0.008780148392487107,Metabolites,5280353,[M+Na]+,5
